Key,Plaintext,Ciphertext,Power
0000000000000000,0000000000000000,8CA64DE9C1B123A7,-441
0000000000000000,0000000000000001,166B40B44ABA4BD6,-555
0000000000000000,0000000000000002,06E7EA22CE92708F,-490
0000000000000000,0000000000000003,4EB190C9A2FA169C,-474
0000000000000000,0000000000000004,D2FD8867D50D2DFE,-474
0000000000000000,0000000000000005,70BB023C810CA87A,-522
0000000000000000,0000000000000006,F098480AC4C4BE71,-522
0000000000000000,0000000000000007,FB8BAAAD918119B8,-571
0000000000000000,0000000000000008,CC083F1E6D9E85F6,-522
0000000000000000,0000000000000009,692BB9BF752B0F58,-669
0000000000000000,000000000000000A,594764E1A2B2D98E,-555
0000000000000000,000000000000000B,AEFC44491CFE474C,-555
0000000000000000,000000000000000C,D3748269B7058A0E,-490
0000000000000000,000000000000000D,62DCE203C602F358,-539
0000000000000000,000000000000000E,ACBFDA0D70613FC4,-555
0000000000000000,000000000000000F,6A8B56ED414942B8,-620
0000000000000000,0000000000000010,5B711BC4CEEBF2EE,-571
0000000000000000,0000000000000011,799A09FB40DF6019,-522
0000000000000000,0000000000000012,AFFA05C77CBE3C45,-571
0000000000000000,0000000000000013,B4B0F64464D8426D,-571
0000000000000000,0000000000000014,8B9F06EBAFCED45C,-555
0000000000000000,0000000000000015,52CB7B1B31B2222E,-571
0000000000000000,0000000000000016,8D6A621892AFB854,-588
0000000000000000,0000000000000017,B93A886167CC1DCB,-506
0000000000000000,0000000000000018,1AF5C17D37C71782,-539
0000000000000000,0000000000000019,C371281545E5DE8A,-506
0000000000000000,000000000000001A,3EC83C3EC62C49A0,-571
0000000000000000,000000000000001B,784E93B518E56912,-506
0000000000000000,000000000000001C,B59610E04D0470A4,-555
0000000000000000,000000000000001D,D296BFD39D97E832,-555
0000000000000000,000000000000001E,76EAC150B2DC014E,-490
0000000000000000,000000000000001F,1190738FB1E598FD,-522
0000000000000000,0000000000000020,0953E2258E8E90A1,-522
0000000000000000,0000000000000021,066F2C398914E77D,-571
0000000000000000,0000000000000022,FA43DA2B2E6C6B5B,-539
0000000000000000,0000000000000023,974EFC571166EB19,-571
0000000000000000,0000000000000024,8AF4612B653324FC,-490
0000000000000000,0000000000000025,E087855A76A18562,-539
0000000000000000,0000000000000026,74746D35C277F6F4,-539
0000000000000000,0000000000000027,2AF3BAA357ED950E,-571
0000000000000000,0000000000000028,AF13F20969E919B4,-555
0000000000000000,0000000000000029,4D8131CE28777287,-506
0000000000000000,000000000000002A,61F0F4F610D0A79A,-604
0000000000000000,000000000000002B,1501DA7E21A739DF,-506
0000000000000000,000000000000002C,B8BF97D0B2377560,-506
0000000000000000,000000000000002D,00FA475613C85720,-539
0000000000000000,000000000000002E,B55B5353AF3C397E,-571
0000000000000000,000000000000002F,878D8056230C6187,-522
0000000000000000,0000000000000030,E6DEE1B3A9426EA8,-522
0000000000000000,0000000000000031,71E6317FD7495875,-457
0000000000000000,0000000000000032,B8214C7B5C89ED56,-506
0000000000000000,0000000000000033,79D6AC13EB292F63,-506
0000000000000000,0000000000000034,7FB77C69F29141AB,-555
0000000000000000,0000000000000035,112E24A89D54DF8D,-490
0000000000000000,0000000000000036,74EBABB25C3EE48E,-539
0000000000000000,0000000000000037,6B1FE8309772FC67,-604
0000000000000000,0000000000000038,7C61EBAD0C68CB77,-555
0000000000000000,0000000000000039,AF5152B8C8A3E08D,-571
0000000000000000,000000000000003A,1C49B3DD711E82C0,-653
0000000000000000,000000000000003B,50AE7982D8576440,-522
0000000000000000,000000000000003C,37B690DA8F4D8D19,-588
0000000000000000,000000000000003D,F200FF8A827323D7,-555
0000000000000000,000000000000003E,4E86B29EE84A727F,-555
0000000000000000,000000000000003F,7CAE1BDF9C98E26E,-571
0000000000000000,0000000000000040,E07C30D7E4E26E12,-539
0000000000000000,0000000000000041,6745371D33902333,-539
0000000000000000,0000000000000042,3FE17C39B1539460,-457
0000000000000000,0000000000000043,2E31A493F4527709,-539
0000000000000000,0000000000000044,EBA45B11DEC5260E,-506
0000000000000000,0000000000000045,B6EEBD952D1A744E,-506
0000000000000000,0000000000000046,90711098E354BCE1,-588
0000000000000000,0000000000000047,140B90E6104C2D69,-539
0000000000000000,0000000000000048,8B8CB06D2B70FE9D,-571
0000000000000000,0000000000000049,26DA3DC4D0D75FAA,-555
0000000000000000,000000000000004A,C408B3AEEAE145C2,-522
0000000000000000,000000000000004B,B556A35FC26B5E8C,-522
0000000000000000,000000000000004C,E21096AF085E1241,-571
0000000000000000,000000000000004D,BD6F0490F3830497,-620
0000000000000000,000000000000004E,F0996CFDEA4BEB62,-506
0000000000000000,000000000000004F,1B7A3ADAB05CAC7D,-490
0000000000000000,0000000000000050,0071DBE265536505,-604
0000000000000000,0000000000000051,87B18E267A28A00A,-669
0000000000000000,0000000000000052,CECEEBA2FBCE6D43,-555
0000000000000000,0000000000000053,C4AEA26A3BC55D41,-539
0000000000000000,0000000000000054,96835DBDFF62D144,-522
0000000000000000,0000000000000055,6718D7C16AC7BD30,-588
0000000000000000,0000000000000056,826CCF810E83DE98,-506
0000000000000000,0000000000000057,7643F7CE1BF265D0,-620
0000000000000000,0000000000000058,852F1F8F269D66CC,-522
0000000000000000,0000000000000059,20C5A58F87A1F235,-604
0000000000000000,000000000000005A,071269EBF826298B,-555
0000000000000000,000000000000005B,379B53002B0A0069,-555
0000000000000000,000000000000005C,DB6F010AF59A4F8B,-539
0000000000000000,000000000000005D,70713117C5BD170B,-506
0000000000000000,000000000000005E,28C50A9F88B6651D,-555
0000000000000000,000000000000005F,574B70BFF1D0BFF8,-522
0000000000000000,0000000000000060,78E572AE870BC19C,-539
0000000000000000,0000000000000061,F211D9A6F61C90DA,-571
0000000000000000,0000000000000062,DC33669CA801D634,-555
0000000000000000,0000000000000063,2C40AD56F4593C47,-620
0000000000000000,0000000000000064,83AAB1569CBE1B08,-588
0000000000000000,0000000000000065,EDB77D7F8D6D9AB1,-588
0000000000000000,0000000000000066,282F3DD94D0BAF7F,-571
0000000000000000,0000000000000067,46FF557CF6F92550,-571
0000000000000000,0000000000000068,4259EB89EFC61E32,-653
0000000000000000,0000000000000069,54D9622DE2488BA9,-522
0000000000000000,000000000000006A,8F0AC1218930B99D,-539
0000000000000000,000000000000006B,4C3D056E0D1D649B,-604
0000000000000000,000000000000006C,E6F527BD83CE6AD6,-588
0000000000000000,000000000000006D,218404157AE57FF3,-522
0000000000000000,000000000000006E,DA6D43D5FBA02DC0,-506
0000000000000000,000000000000006F,31EA51024EB7EE3F,-539
0000000000000000,0000000000000070,C663C986B6843051,-474
0000000000000000,0000000000000071,7F1B9A9F9F58CE3A,-522
0000000000000000,0000000000000072,239B5E2E5154A83A,-522
0000000000000000,0000000000000073,B14F3B5CB4E38200,-539
0000000000000000,0000000000000074,1E1788FF0FDE093C,-571
0000000000000000,0000000000000075,DEDD500653EAE20A,-620
0000000000000000,0000000000000076,C7938EACF4C2CB11,-588
0000000000000000,0000000000000077,5E1D1E30ABA7CCCD,-637
0000000000000000,0000000000000078,1AAEECADBD87C315,-588
0000000000000000,0000000000000079,95102B5897FF7BBD,-620
0000000000000000,000000000000007A,BB6B8D52715A8E64,-555
0000000000000000,000000000000007B,1007A22A11D5AB77,-571
0000000000000000,000000000000007C,A0D2C44DBA6DBB29,-522
0000000000000000,000000000000007D,7B474DD83D1F1F5F,-555
0000000000000000,000000000000007E,C1EFEB62C3F1BBFE,-555
0000000000000000,000000000000007F,802612DD1CC7FF49,-522
0000000000000000,0000000000000080,2FBC291A570DB5C4,-490
0000000000000000,0000000000000081,35056FD912C33D72,-604
0000000000000000,0000000000000082,8C4749382D07D9DB,-539
0000000000000000,0000000000000083,88A940C42DC844F5,-555
0000000000000000,0000000000000084,EEF18EF3709D5587,-571
0000000000000000,0000000000000085,022279071A31703D,-490
0000000000000000,0000000000000086,6AA865453C5C1B31,-604
0000000000000000,0000000000000087,EF8417823224A738,-539
0000000000000000,0000000000000088,F99CA1F6193A908B,-588
0000000000000000,0000000000000089,AA60120721BF8C7C,-571
0000000000000000,000000000000008A,598B1FE6A5D4F4EC,-522
0000000000000000,000000000000008B,ACBCF24381C13BCC,-555
0000000000000000,000000000000008C,18B37373ADD129F3,-735
0000000000000000,000000000000008D,76157DD226923755,-669
0000000000000000,000000000000008E,5F19330A9A0B8756,-555
0000000000000000,000000000000008F,60EF47616864E42F,-588
0000000000000000,0000000000000090,35E209AF0691C34D,-571
0000000000000000,0000000000000091,B7C3EB4C85A66B06,-669
0000000000000000,0000000000000092,BE5E4B9BE371C69B,-539
0000000000000000,0000000000000093,B0919B9CD6F346BB,-588
0000000000000000,0000000000000094,425FD2D7DEA2B8A6,-637
0000000000000000,0000000000000095,2D580E4BFB37EEB7,-506
0000000000000000,0000000000000096,0049859B33486F3D,-637
0000000000000000,0000000000000097,48761BA0CAC88D9D,-555
0000000000000000,0000000000000098,BB67FECD1311A9C3,-588
0000000000000000,0000000000000099,8F2E8F93C540A26E,-604
0000000000000000,000000000000009A,6C468ED5B8315F8B,-571
0000000000000000,000000000000009B,6F5B0561D92570CE,-653
0000000000000000,000000000000009C,6B5B13042FBB1D6C,-571
0000000000000000,000000000000009D,7BCE193794CB34D7,-620
0000000000000000,000000000000009E,B8ED89DF1DC4C628,-506
0000000000000000,000000000000009F,8872267CE4436224,-604
0000000000000000,00000000000000A0,7F0833B01EB42E95,-555
0000000000000000,00000000000000A1,AA5FF59A590BE14D,-539
0000000000000000,00000000000000A2,F064722E786579DC,-571
0000000000000000,00000000000000A3,E4BC6224D27A9BC8,-571
0000000000000000,00000000000000A4,DDBB80F02A47701F,-620
0000000000000000,00000000000000A5,51D4DB376973D8CB,-474
0000000000000000,00000000000000A6,8C4A5E3C41618E37,-539
0000000000000000,00000000000000A7,40C59F66CE2BFBCE,-555
0000000000000000,00000000000000A8,0C0ACBC09CFE5A11,-571
0000000000000000,00000000000000A9,C143FD0758490F39,-555
0000000000000000,00000000000000AA,5F578FBA12E2AD62,-571
0000000000000000,00000000000000AB,D3E8F16556B3E69D,-539
0000000000000000,00000000000000AC,AA34655BF9694069,-571
0000000000000000,00000000000000AD,D79CD6A1C20F455C,-604
0000000000000000,00000000000000AE,871FACF625C1A24C,-539
0000000000000000,00000000000000AF,FC1BF19AF226FED8,-539
0000000000000000,00000000000000B0,87664EBD3B220294,-522
0000000000000000,00000000000000B1,0AD0F2FBA4AC0A23,-604
0000000000000000,00000000000000B2,995C27E95ABE33D6,-620
0000000000000000,00000000000000B3,E090997C1B849F86,-571
0000000000000000,00000000000000B4,463E842DE8B61486,-571
0000000000000000,00000000000000B5,4A9E34464308842D,-669
0000000000000000,00000000000000B6,CB507766DEBEDCAE,-637
0000000000000000,00000000000000B7,F20D597838ADCEE8,-522
0000000000000000,00000000000000B8,AB8762624BC77DF6,-539
0000000000000000,00000000000000B9,7D44CB1B64DFB7F2,-571
0000000000000000,00000000000000BA,17D3FBB73141BA31,-506
0000000000000000,00000000000000BB,D523CF73A8F3E960,-588
0000000000000000,00000000000000BC,430BA61FA318E0C2,-653
0000000000000000,00000000000000BD,C4B9112DD39A7C21,-604
0000000000000000,00000000000000BE,FBF50D0818039923,-522
0000000000000000,00000000000000BF,9DA7623AEF838920,-620
0000000000000000,00000000000000C0,9A7052C93D497AFA,-620
0000000000000000,00000000000000C1,15C6C7C1DEC6AD19,-571
0000000000000000,00000000000000C2,8DCF16CE19B7E04A,-669
0000000000000000,00000000000000C3,F9D697A1365C2583,-604
0000000000000000,00000000000000C4,D7AFA73246D937CF,-751
0000000000000000,00000000000000C5,DF92F3CCB556BC02,-555
0000000000000000,00000000000000C6,C06627866A49CDC6,-571
0000000000000000,00000000000000C7,21B595D0D09B45E2,-555
0000000000000000,00000000000000C8,C5465CEFD1393CA1,-522
0000000000000000,00000000000000C9,29CCA939B7BAC38A,-490
0000000000000000,00000000000000CA,1088A47F0A915F03,-686
0000000000000000,00000000000000CB,207A71A1B89D9CC5,-490
0000000000000000,00000000000000CC,6A554207342093F6,-588
0000000000000000,00000000000000CD,0027F4A76564A4A3,-506
0000000000000000,00000000000000CE,7A4B7CC92BAD702F,-555
0000000000000000,00000000000000CF,D72A51FB4E9F3D8C,-490
0000000000000000,00000000000000D0,18668C796CCB8DF0,-571
0000000000000000,00000000000000D1,E32A73A7D059D72C,-522
0000000000000000,00000000000000D2,16BCE10D557A93FB,-506
0000000000000000,00000000000000D3,CD49096812FD6E8B,-588
0000000000000000,00000000000000D4,7162A4F3FE75AAFF,-555
0000000000000000,00000000000000D5,5048101A5EAD77B3,-555
0000000000000000,00000000000000D6,52A37479BF86D5FE,-490
0000000000000000,00000000000000D7,1E632C4BB4CC72D9,-425
0000000000000000,00000000000000D8,EF409139EA8E0858,-506
0000000000000000,00000000000000D9,BAF782B94883ED55,-571
0000000000000000,00000000000000DA,C11CFDDB19C47C00,-539
0000000000000000,00000000000000DB,BFC9683D45B307D8,-571
0000000000000000,00000000000000DC,3E3F5FB38B7ECB12,-539
0000000000000000,00000000000000DD,6F90EF00F80E9755,-555
0000000000000000,00000000000000DE,33F4D627E50F4415,-620
0000000000000000,00000000000000DF,1EC68C225A715A02,-555
0000000000000000,00000000000000E0,DB52D3FEB1CFEFC3,-571
0000000000000000,00000000000000E1,A2B82F83442D6AFA,-506
0000000000000000,00000000000000E2,65ED808C3A0BAC68,-571
0000000000000000,00000000000000E3,8F020AB968302B3F,-588
0000000000000000,00000000000000E4,84BEF2DB232B0311,-522
0000000000000000,00000000000000E5,9735C569A00552CF,-522
0000000000000000,00000000000000E6,E93119D2A8398B2D,-555
0000000000000000,00000000000000E7,A67921406A1DBE64,-555
0000000000000000,00000000000000E8,DA56F66114A4285D,-539
0000000000000000,00000000000000E9,D96137E85E3E231D,-620
0000000000000000,00000000000000EA,13CDF8C7C186121A,-555
0000000000000000,00000000000000EB,916A037C862C25F8,-506
0000000000000000,00000000000000EC,E2D6206F11F573AB,-637
0000000000000000,00000000000000ED,B270DE600E7CF0A2,-588
0000000000000000,00000000000000EE,5F83273B0B0B58C0,-539
0000000000000000,00000000000000EF,1F3D5BB2A198DD35,-555
0000000000000000,00000000000000F0,6D2A3AF9F418EDCF,-555
0000000000000000,00000000000000F1,BC6A63F584FB4DE1,-571
0000000000000000,00000000000000F2,6A2C4C8226466262,-555
0000000000000000,00000000000000F3,D7FDF2770703E951,-604
0000000000000000,00000000000000F4,EA705664D15BEEA5,-490
0000000000000000,00000000000000F5,B1D2ECFFF0C370C4,-588
0000000000000000,00000000000000F6,CFC86D5B0C5C8067,-522
0000000000000000,00000000000000F7,2BD3671B24339D16,-522
0000000000000000,00000000000000F8,17DA0B5779CA52D5,-539
0000000000000000,00000000000000F9,8925890ADAF1FA19,-604
0000000000000000,00000000000000FA,DAEB7CF032EBD18E,-571
0000000000000000,00000000000000FB,6524B50953CD2312,-490
0000000000000000,00000000000000FC,1FDEAE32EE67B0B3,-571
0000000000000000,00000000000000FD,99C59A9D05005774,-539
0000000000000000,00000000000000FE,C70CA0C0CEA61CDE,-522
0000000000000000,00000000000000FF,254E882E6597F41D,-457
0000000000000000,0000000000000100,DD7C0BBD61FAFD54,-539
0000000000000000,0000000000000101,6A8EF30EF6F45EA5,-637
0000000000000000,0000000000000102,223554B4F544D00E,-539
0000000000000000,0000000000000103,787AD345D8A4A299,-555
0000000000000000,0000000000000104,3868AD26EBC198F2,-588
0000000000000000,0000000000000105,D1A3A2697993C073,-555
0000000000000000,0000000000000106,624EECD0185084C5,-490
0000000000000000,0000000000000107,87639DC414F04949,-604
0000000000000000,0000000000000108,C25C9848FA7AE3F3,-604
0000000000000000,0000000000000109,5CFE183D36A63000,-588
0000000000000000,000000000000010A,7C0D50CD831A9B94,-555
0000000000000000,000000000000010B,9B714B97DB3ACE86,-555
0000000000000000,000000000000010C,3FC7241E28968C83,-522
0000000000000000,000000000000010D,D2E2FE063BEC1675,-604
0000000000000000,000000000000010E,971CC60767C1B6C7,-490
0000000000000000,000000000000010F,064CBAF00ED5ACDE,-588
0000000000000000,0000000000000110,D4E76A1D99588EE2,-474
0000000000000000,0000000000000111,39C119E5BFCBBA6D,-522
0000000000000000,0000000000000112,A6E1C9C4449A463D,-604
0000000000000000,0000000000000113,DE5DFD653E225796,-522
0000000000000000,0000000000000114,F874D3245365822F,-571
0000000000000000,0000000000000115,D16C832729531DA7,-555
0000000000000000,0000000000000116,5648735D6DFBBEFE,-522
0000000000000000,0000000000000117,C3036FE2FBD69333,-571
0000000000000000,0000000000000118,370AD757A284243D,-588
0000000000000000,0000000000000119,245F5930C40DD157,-571
0000000000000000,000000000000011A,9DDC510090EAFCED,-686
0000000000000000,000000000000011B,1DEEB5D2D8D169DF,-637
0000000000000000,000000000000011C,839CA0913A7F5DA5,-571
0000000000000000,000000000000011D,F3E3A60E3E45EFDF,-588
0000000000000000,000000000000011E,E3963AA861CF42AA,-555
0000000000000000,000000000000011F,9C468E2A00E38A60,-571
0000000000000000,0000000000000120,35CB8497D88FF335,-620
0000000000000000,0000000000000121,21663ABBA71D3826,-604
0000000000000000,0000000000000122,5F1DA8F03E9330D9,-604
0000000000000000,0000000000000123,83EAE2E5B3EDE047,-571
0000000000000000,0000000000000124,986C46769698AD56,-571
0000000000000000,0000000000000125,A1F9996DB75B5D5B,-522
0000000000000000,0000000000000126,05BCCF74538B80D6,-555
0000000000000000,0000000000000127,9945DC17DE33F0A0,-571
0000000000000000,0000000000000128,78557175EE5E7316,-522
0000000000000000,0000000000000129,BF55718E028C589B,-212
0000000000000000,000000000000012A,9F970ECF016A0C07,-539
0000000000000000,000000000000012B,B13E4D74198FA1D1,-604
0000000000000000,000000000000012C,89916B26E4B54CE3,-653
0000000000000000,000000000000012D,51F9EEEC17D44C79,-506
0000000000000000,000000000000012E,AAEA9A1DA9D28E6A,-604
0000000000000000,000000000000012F,0B3362B224BD1FFB,-588
0000000000000000,0000000000000130,5A80493A29C8ABE1,-490
0000000000000000,0000000000000131,802C58DAD27324D1,-653
0000000000000000,0000000000000132,0119063C3D4F5F80,-506
0000000000000000,0000000000000133,966DDBD3A4A0A528,-571
0000000000000000,0000000000000134,75FBD71E3E8B8A13,-571
0000000000000000,0000000000000135,3EB3E989EB8702E4,-604
0000000000000000,0000000000000136,3062BC19B1417BB3,-522
0000000000000000,0000000000000137,6F238A1A91E626C1,-604
0000000000000000,0000000000000138,835F37729C388495,-604
0000000000000000,0000000000000139,E48D8DFF790BCA52,-539
0000000000000000,000000000000013A,2DC475A1D4EAE623,-604
0000000000000000,000000000000013B,4C01BFA42BCD8EA2,-555
0000000000000000,000000000000013C,770FDF97809C5878,-571
0000000000000000,000000000000013D,A3406F33F7098D95,-522
0000000000000000,000000000000013E,3E76666147C8BE5D,-588
0000000000000000,000000000000013F,825BEB67DE00F5C4,-571
0000000000000000,0000000000000140,F7140AA93459B709,-539
0000000000000000,0000000000000141,5191622DE16B530E,-490
0000000000000000,0000000000000142,06E81C4018CCF535,-522
0000000000000000,0000000000000143,EEA9824B5EA248E5,-604
0000000000000000,0000000000000144,67A9EAA3184134AC,-555
0000000000000000,0000000000000145,63FA18BC18A0BB0F,-604
0000000000000000,0000000000000146,3AF953C0FD840986,-490
0000000000000000,0000000000000147,74D54B6FFD832BC6,-539
0000000000000000,0000000000000148,575B2E95727E7AF2,-571
0000000000000000,0000000000000149,CB91F1A3C680E2D5,-555
0000000000000000,000000000000014A,861FB4ED6E34D70B,-571
0000000000000000,000000000000014B,0A4D3D00269A947F,-604
0000000000000000,000000000000014C,88FDB4AD01632373,-604
0000000000000000,000000000000014D,2870A429D49198BA,-588
0000000000000000,000000000000014E,A753B5FBDE8692D4,-604
0000000000000000,000000000000014F,B190D6368EFCC05E,-490
0000000000000000,0000000000000150,AC9BFC2A97CDB604,-604
0000000000000000,0000000000000151,B68BA89EF32EC376,-506
0000000000000000,0000000000000152,64250F609F0AAB65,-653
0000000000000000,0000000000000153,061846D30782347F,-604
0000000000000000,0000000000000154,52B40BB6844293C7,-555
0000000000000000,0000000000000155,A00A7CC36A55982C,-539
0000000000000000,0000000000000156,D071051098706A77,-522
0000000000000000,0000000000000157,01A1CEDD94FDFEBF,-539
0000000000000000,0000000000000158,D396B04CCA677FF4,-490
0000000000000000,0000000000000159,0F586A5452089F18,-620
0000000000000000,000000000000015A,07504B0BDD802201,-571
0000000000000000,000000000000015B,B1AC393BFB692838,-506
0000000000000000,000000000000015C,7C9B418FEBADF0C3,-506
0000000000000000,000000000000015D,8C7BFED56FC336B4,-522
0000000000000000,000000000000015E,809EB80B4180065D,-588
0000000000000000,000000000000015F,EF7C5A2B28A48C86,-571
0000000000000000,0000000000000160,B1E83176CDBCC40E,-571
0000000000000000,0000000000000161,CC330F3CB2E5DA43,-506
0000000000000000,0000000000000162,BE5DD3E97BEAA171,-571
0000000000000000,0000000000000163,3B8FC5A56D675667,-588
0000000000000000,0000000000000164,B5E81973588AADF8,-506
0000000000000000,0000000000000165,E6E7FC8EF29623FE,-555
0000000000000000,0000000000000166,5EFAB1DE691883F4,-555
0000000000000000,0000000000000167,C7DFC66EC0DD043D,-637
0000000000000000,0000000000000168,C3DF652F9ACC97DC,-522
0000000000000000,0000000000000169,06D4FC87932C0C7A,-653
0000000000000000,000000000000016A,9421EAD4467CF293,-588
0000000000000000,000000000000016B,0EEBEF36CB56E131,-637
0000000000000000,000000000000016C,4B77FB54C0DD30E1,-604
0000000000000000,000000000000016D,9C08BD11AE65850A,-604
0000000000000000,000000000000016E,D7C6AD2A605ACFC5,-522
0000000000000000,000000000000016F,FF40F39F01116A81,-539
0000000000000000,0000000000000170,83A1EA102093113B,-588
0000000000000000,0000000000000171,8680033E9C149EA9,-555
0000000000000000,0000000000000172,4F1BEE2B0349E923,-490
0000000000000000,0000000000000173,1E8A3A111223B15C,-571
0000000000000000,0000000000000174,6F2A8206871297AC,-522
0000000000000000,0000000000000175,B916EB7EC31A43DC,-588
0000000000000000,0000000000000176,4A1A3E5D6EB16A38,-522
0000000000000000,0000000000000177,64E35D31474EB285,-637
0000000000000000,0000000000000178,96CD098E96030032,-490
0000000000000000,0000000000000179,3DAF58F385EE4BEB,-522
0000000000000000,000000000000017A,90BD41D3CFD65826,-490
0000000000000000,000000000000017B,90F80CA1851FD2CF,-555
0000000000000000,000000000000017C,049D197AF74CB7EC,-604
0000000000000000,000000000000017D,AD3BAD150564A528,-604
0000000000000000,000000000000017E,FEBC614F2A0832CF,-555
0000000000000000,000000000000017F,838558DE398D789D,-604
0000000000000000,0000000000000180,DC9D9A3431015A3A,-555
0000000000000000,0000000000000181,67383221BAC99D4F,-539
0000000000000000,0000000000000182,B89A3F416C5B2ECB,-539
0000000000000000,0000000000000183,6596DBED942A50FB,-620
0000000000000000,0000000000000184,FD525233D12001F5,-571
0000000000000000,0000000000000185,DD984891EEE634B2,-506
0000000000000000,0000000000000186,451B21EFBCD571DF,-522
0000000000000000,0000000000000187,46C54F7D754EB107,-604
0000000000000000,0000000000000188,9AC31BDA0514E3C4,-539
0000000000000000,0000000000000189,81CC3D72809A5976,-571
0000000000000000,000000000000018A,135308206B75BB06,-571
0000000000000000,000000000000018B,E7992EC3AFB9C1A3,-539
0000000000000000,000000000000018C,8F5F5B4DAB4F6A47,-571
0000000000000000,000000000000018D,5584FA738BAAF516,-653
0000000000000000,000000000000018E,6C3013BDDEEFB0D5,-555
0000000000000000,000000000000018F,544449FA83A55E93,-637
0000000000000000,0000000000000190,590F181DAE5D9E55,-522
0000000000000000,0000000000000191,8D78C9ADFE32D6B0,-571
0000000000000000,0000000000000192,ACBC78812C97EE29,-604
0000000000000000,0000000000000193,730ADB5DC13A261D,-669
0000000000000000,0000000000000194,3BFDC9EB45A22620,-588
0000000000000000,0000000000000195,4EB8E2336686398B,-539
0000000000000000,0000000000000196,A80062C2A7CBA3A2,-539
0000000000000000,0000000000000197,972EDC502773ACF6,-571
0000000000000000,0000000000000198,2DAAE9438584C2FD,-604
0000000000000000,0000000000000199,1813629C9D0C8539,-588
0000000000000000,000000000000019A,1763560D4D4D5B73,-620
0000000000000000,000000000000019B,54A333F85CBA05FC,-588
0000000000000000,000000000000019C,19BDBB05FCFCDE73,-555
0000000000000000,000000000000019D,0B9A7B5157D45652,-604
0000000000000000,000000000000019E,53996E65EBD74628,-620
0000000000000000,000000000000019F,D3FE371ABD06DFE4,-620
0000000000000000,00000000000001A0,3D3434266BFC34E8,-588
0000000000000000,00000000000001A1,2D7F7D8E3B821E20,-571
0000000000000000,00000000000001A2,8F01E81C53B5E423,-637
0000000000000000,00000000000001A3,AB662CD8A170F298,-522
0000000000000000,00000000000001A4,4AC0E377433E1141,-555
0000000000000000,00000000000001A5,7AD7E3A2B426908B,-539
0000000000000000,00000000000001A6,DF036B7EF39E9325,-588
0000000000000000,00000000000001A7,2941D5838987D005,-620
0000000000000000,00000000000001A8,A90D47FA5BB26121,-620
0000000000000000,00000000000001A9,870AD6C94A90C83F,-555
0000000000000000,00000000000001AA,F0BC743311046BA2,-571
0000000000000000,00000000000001AB,F4FA2467068E05F6,-522
0000000000000000,00000000000001AC,C7EA1B3E95B7AC71,-522
0000000000000000,00000000000001AD,86CD8AFD0B21A9C2,-555
0000000000000000,00000000000001AE,6F269D4E93FB2AB3,-604
0000000000000000,00000000000001AF,0006D25CBF7CB018,-522
0000000000000000,00000000000001B0,D11D1FA5ED86AA44,-539
0000000000000000,00000000000001B1,F7C42CD1A8FF2EEE,-604
0000000000000000,00000000000001B2,909FB63DC2525123,-555
0000000000000000,00000000000001B3,BD3CEF7929C24BFE,-555
0000000000000000,00000000000001B4,A2AE5BCB90BCC50E,-914
0000000000000000,00000000000001B5,9A32EC719B65EA0C,-588
0000000000000000,00000000000001B6,1E0BF85AAEA20DF6,-555
0000000000000000,00000000000001B7,B1BA15A988477561,-506
0000000000000000,00000000000001B8,1B4319B6C8016C01,-571
0000000000000000,00000000000001B9,3A9AAAA8819A6EB7,-604
0000000000000000,00000000000001BA,84D60C26DD4682E9,-539
0000000000000000,00000000000001BB,BCDD960F84743561,-588
0000000000000000,00000000000001BC,1E26A3B3345EF1A1,-571
0000000000000000,00000000000001BD,E00DC6008323902F,-571
0000000000000000,00000000000001BE,233E92F0B4764EF6,-637
0000000000000000,00000000000001BF,A9C83B9AD38D43C2,-588
0000000000000000,00000000000001C0,F7DE61B419610F0C,-571
0000000000000000,00000000000001C1,A8F5AAB79100FC33,-539
0000000000000000,00000000000001C2,906149550294FDA8,-571
0000000000000000,00000000000001C3,99E2ECA1216A904B,-588
0000000000000000,00000000000001C4,531744910A301896,-555
0000000000000000,00000000000001C5,CAFB224A9B8000B4,-490
0000000000000000,00000000000001C6,629B189CC3A4D44A,-588
0000000000000000,00000000000001C7,B2F2F67FA9D848F4,-555
0000000000000000,00000000000001C8,5A1E89A2D7F95193,-620
0000000000000000,00000000000001C9,ED6FA584C4466A52,-555
0000000000000000,00000000000001CA,033E4DE8DA3BA423,-539
0000000000000000,00000000000001CB,FE74E91572529541,-555
0000000000000000,00000000000001CC,A7AD1B3A18EC60F6,-571
0000000000000000,00000000000001CD,191452ABFADBBD0B,-571
0000000000000000,00000000000001CE,0365C0FAFF3FC834,-555
0000000000000000,00000000000001CF,15E4550F67820235,-539
0000000000000000,00000000000001D0,E88CDFCBA0FA07F4,-571
0000000000000000,00000000000001D1,6AA00BCCF85F6E38,-539
0000000000000000,00000000000001D2,49F84EFCB74E9198,-571
0000000000000000,00000000000001D3,B3A0ED6492413BC9,-588
0000000000000000,00000000000001D4,22ADB03775C9EE4B,-604
0000000000000000,00000000000001D5,D3E89F7E3FAF382D,-588
0000000000000000,00000000000001D6,673672657B236B08,-637
0000000000000000,00000000000001D7,C004D45C739B80AA,-490
0000000000000000,00000000000001D8,FB7C35CFDEC79DA3,-555
0000000000000000,00000000000001D9,5D31A2F0011DE970,-588
0000000000000000,00000000000001DA,717291AC0498D0BD,-539
0000000000000000,00000000000001DB,B182EC8D54E9E4A0,-555
0000000000000000,00000000000001DC,C69F71E4CF4AD23D,-588
0000000000000000,00000000000001DD,3B11C8025C49167B,-539
0000000000000000,00000000000001DE,73FFE7733E818C9D,-555
0000000000000000,00000000000001DF,13AAF3C92E90226B,-620
0000000000000000,00000000000001E0,8AE0B761A94510FD,-604
0000000000000000,00000000000001E1,89DF043161F38097,-620
0000000000000000,00000000000001E2,86FC8CF915437308,-571
0000000000000000,00000000000001E3,E73C34544E78F3E6,-620
0000000000000000,00000000000001E4,8EC4B52644AABF80,-604
0000000000000000,00000000000001E5,C6B7C62FABACF22E,-637
0000000000000000,00000000000001E6,E4AC412AAC9EC48C,-522
0000000000000000,00000000000001E7,DB5BA3C3621E8529,-571
0000000000000000,00000000000001E8,C8F628388FA50B20,-588
0000000000000000,00000000000001E9,97588A356FBC347D,-555
0000000000000000,00000000000001EA,C0925B3C0C8F8F1D,-604
0000000000000000,00000000000001EB,7A764C553B341AA2,-555
0000000000000000,00000000000001EC,FFA38B9B2ABEA26B,-637
0000000000000000,00000000000001ED,6283310429D4A22D,-604
0000000000000000,00000000000001EE,47D56460480719BA,-571
0000000000000000,00000000000001EF,4828AC541552A1F9,-637
0000000000000000,00000000000001F0,8FC35B4865736971,-539
0000000000000000,00000000000001F1,E6669D9DFEA6BF66,-490
0000000000000000,00000000000001F2,36231FE925B011E9,-571
0000000000000000,00000000000001F3,6EA3281277D35FA5,-620
0000000000000000,00000000000001F4,ADA4F0A63B539913,-490
0000000000000000,00000000000001F5,8E2F038A99969B98,-571
0000000000000000,00000000000001F6,63C9FD1E30737424,-653
0000000000000000,00000000000001F7,369E48C34D1BA550,-539
0000000000000000,00000000000001F8,97190BBE4D05E45A,-571
0000000000000000,00000000000001F9,1B32A4EF91915EE6,-571
0000000000000000,00000000000001FA,B0972691275D9A4D,-604
0000000000000000,00000000000001FB,E6106019B4F10EDB,-555
0000000000000000,00000000000001FC,FF7C2ED858A3C279,-555
0000000000000000,00000000000001FD,DD3B373F30266CBA,-571
0000000000000000,00000000000001FE,BB2257E744887396,-653
0000000000000000,00000000000001FF,E271A077828F53F3,-555
0000000000000000,0000000000000200,48221B9937748A23,-620
0000000000000000,0000000000000201,858BB598D60E95F4,-506
0000000000000000,0000000000000202,AC5619E4068E2887,-555
0000000000000000,0000000000000203,CDFCA4F6B9496BEB,-555
0000000000000000,0000000000000204,281A24D0D38BB51A,-653
0000000000000000,0000000000000205,2DAE9A8E70ADFBD7,-522
0000000000000000,0000000000000206,0F24AFC01A784297,-522
0000000000000000,0000000000000207,901B1C7DF0541620,-588
0000000000000000,0000000000000208,10F6FD9D41EDAEAA,-637
0000000000000000,0000000000000209,233F5FF9122641CB,-522
0000000000000000,000000000000020A,0C7BC590A2605778,-522
0000000000000000,000000000000020B,946D15888A8E48CA,-588
0000000000000000,000000000000020C,131F417B6A1CCF37,-620
0000000000000000,000000000000020D,A65B5A4B14576784,-522
0000000000000000,000000000000020E,781DBC3CBFCAAB7D,-637
0000000000000000,000000000000020F,2681D7967A637E52,-506
0000000000000000,0000000000000210,80FBF8303BBE09CA,-571
0000000000000000,0000000000000211,47C0CFA9D3EC6C65,-539
0000000000000000,0000000000000212,4E39F075002A5A41,-620
0000000000000000,0000000000000213,D076B43DF0680786,-522
0000000000000000,0000000000000214,441C505C8775DC5F,-555
0000000000000000,0000000000000215,990054E8EBABAB9D,-506
0000000000000000,0000000000000216,1199B31C491690AE,-571
0000000000000000,0000000000000217,9BE1893119E77FBA,-604
0000000000000000,0000000000000218,EC60B805B416D86A,-620
0000000000000000,0000000000000219,0526DDD2194FE4BB,-669
0000000000000000,000000000000021A,46C5B6A72FC3FC92,-637
0000000000000000,000000000000021B,171387F3CC79957B,-588
0000000000000000,000000000000021C,49CD94A9B7BC7321,-555
0000000000000000,000000000000021D,E07256A236A9254C,-555
0000000000000000,000000000000021E,9A13D700743A3352,-539
0000000000000000,000000000000021F,DBF0157459A8BB5F,-588
0000000000000000,0000000000000220,DA41EAB53AEF59FA,-571
0000000000000000,0000000000000221,4B8C62145E45214C,-637
0000000000000000,0000000000000222,BE34AD586892B757,-522
0000000000000000,0000000000000223,72CD2788253D44AA,-571
0000000000000000,0000000000000224,FCEE0A49A6CBFFB5,-604
0000000000000000,0000000000000225,7C480DD9FC8B77E1,-588
0000000000000000,0000000000000226,066FD064CA02C442,-637
0000000000000000,0000000000000227,6BF18AD2507EE580,-571
0000000000000000,0000000000000228,0474EC948E2C31FD,-539
0000000000000000,0000000000000229,905083D2242ABD75,-457
0000000000000000,000000000000022A,4A0453116D177FDC,-506
0000000000000000,000000000000022B,2AB5FD6102FBBA92,-555
0000000000000000,000000000000022C,BB3156BDC1151DA1,-620
0000000000000000,000000000000022D,4EC1CF873C5DFD61,-604
0000000000000000,000000000000022E,FE6D0469AAE52F24,-653
0000000000000000,000000000000022F,E8B1BB95360ED02E,-555
0000000000000000,0000000000000230,F98A115AC7A8AADF,-571
0000000000000000,0000000000000231,648D0290709D263B,-490
0000000000000000,0000000000000232,C2D1286C59467B84,-588
0000000000000000,0000000000000233,E566729BCD1B28E4,-571
0000000000000000,0000000000000234,90B7E4FB00D83398,-490
0000000000000000,0000000000000235,18EDAC628A052173,-539
0000000000000000,0000000000000236,31D00293021DF055,-506
0000000000000000,0000000000000237,72FAB127ECE01359,-457
0000000000000000,0000000000000238,43BB400D56D86D2B,-604
0000000000000000,0000000000000239,890217C6DFEE0C71,-506
0000000000000000,000000000000023A,25F7217B38E4E994,-555
0000000000000000,000000000000023B,8C80C3BB1DBC06ED,-751
0000000000000000,000000000000023C,B5D809D8B527A062,-588
0000000000000000,000000000000023D,03A7F7C95FF7CCF4,-571
0000000000000000,000000000000023E,A7DAC57C58715239,-539
0000000000000000,000000000000023F,07904D7E43BDE082,-620
0000000000000000,0000000000000240,90E702CA02F50E38,-588
0000000000000000,0000000000000241,9667ED6052FCBB32,-522
0000000000000000,0000000000000242,4D4C72D99A629942,-571
0000000000000000,0000000000000243,CA2E7C703F1582A4,-522
0000000000000000,0000000000000244,52AD2734F88DAF13,-506
0000000000000000,0000000000000245,0261FE949E1836DD,-539
0000000000000000,0000000000000246,32021A6565DB29DB,-506
0000000000000000,0000000000000247,F3BB4F90B25B751B,-571
0000000000000000,0000000000000248,F17BA13CD51AA23B,-620
0000000000000000,0000000000000249,6C2F7125ECC6555B,-522
0000000000000000,000000000000024A,CB0058FA05740F02,-522
0000000000000000,000000000000024B,4243949E1E0F6F19,-539
0000000000000000,000000000000024C,A8F58FEC979EB878,-522
0000000000000000,000000000000024D,CBC48640B4775586,-539
0000000000000000,000000000000024E,D3310F9B2F89691F,-555
0000000000000000,000000000000024F,0A9554A9A180F82B,-539
0000000000000000,0000000000000250,455CA7FF1920575D,-571
0000000000000000,0000000000000251,610773CE5D7EE4AF,-588
0000000000000000,0000000000000252,9283013E71C32EB8,-588
0000000000000000,0000000000000253,EB61C220C14A4D18,-571
0000000000000000,0000000000000254,6CDB1022C18DE4B9,-653
0000000000000000,0000000000000255,D8A9B725C7EDC236,-555
0000000000000000,0000000000000256,7551544EFC6E342B,-555
0000000000000000,0000000000000257,79FBD5240D3A9173,-588
0000000000000000,0000000000000258,D044A0F77D782EDF,-555
0000000000000000,0000000000000259,C6661637303093FE,-555
0000000000000000,000000000000025A,5F8649668F22D7E7,-474
0000000000000000,000000000000025B,903377905835D801,-522
0000000000000000,000000000000025C,48D8BFC8F6E1D4E1,-637
0000000000000000,000000000000025D,34779C9AAA148647,-588
0000000000000000,000000000000025E,2074859685EF8714,-555
0000000000000000,000000000000025F,93030BEA35B80F09,-539
0000000000000000,0000000000000260,782D281A76A76FC4,-604
0000000000000000,0000000000000261,7786DE246B54623C,-555
0000000000000000,0000000000000262,AA76909E371CCB20,-588
0000000000000000,0000000000000263,F11B70546D02BEC5,-522
0000000000000000,0000000000000264,180404CA51405191,-490
0000000000000000,0000000000000265,7DFAA6705878B2ED,-604
0000000000000000,0000000000000266,8FB7E4C94ABFB25B,-588
0000000000000000,0000000000000267,CD83A91B06964C3A,-522
0000000000000000,0000000000000268,60A772A306191740,-637
0000000000000000,0000000000000269,66F52A9D56A9E089,-637
0000000000000000,000000000000026A,DD34C5D7F4CF03A5,-522
0000000000000000,000000000000026B,825D2F0328ACE41E,-571
0000000000000000,000000000000026C,6AAB91E29B086B97,-555
0000000000000000,000000000000026D,B5ABCF8D95141E41,-555
0000000000000000,000000000000026E,F2DE247B4E947233,-522
0000000000000000,000000000000026F,BD699D9DCC95BCE1,-620
0000000000000000,0000000000000270,DD382B6BEEDCCFD1,-457
0000000000000000,0000000000000271,C92210B57E8EC648,-555
0000000000000000,0000000000000272,281F2A72844F0256,-555
0000000000000000,0000000000000273,84A207AD1AAF67CE,-506
0000000000000000,0000000000000274,F265153E38D5BF49,-653
0000000000000000,0000000000000275,C9A79B5D0EFD9359,-474
0000000000000000,0000000000000276,1A270EE09B6F327C,-588
0000000000000000,0000000000000277,B8A83E49474896BC,-539
0000000000000000,0000000000000278,2FE5410935A3D6FE,-539
0000000000000000,0000000000000279,25EDAC4AB8351370,-555
0000000000000000,000000000000027A,F2D3BF4BAAB93ED9,-539
0000000000000000,000000000000027B,89429766D1F1C948,-620
0000000000000000,000000000000027C,C254D59D7ABEB4D0,-571
0000000000000000,000000000000027D,868F27F346166601,-653
0000000000000000,000000000000027E,5EDF09547D53309E,-604
0000000000000000,000000000000027F,75AC3617055A79D4,-506
0000000000000000,0000000000000280,076BB8100AC991B6,-539
0000000000000000,0000000000000281,BD9BB8180AB4EB97,-539
0000000000000000,0000000000000282,AC76A91C8B4DDC79,-637
0000000000000000,0000000000000283,C59977034ACA8D0C,-588
0000000000000000,0000000000000284,B3B8C086D4328A06,-620
0000000000000000,0000000000000285,7F213AB99531DA91,-637
0000000000000000,0000000000000286,CA1283A470C277A5,-604
0000000000000000,0000000000000287,856FCBE64EE6002D,-474
0000000000000000,0000000000000288,15A7522CC2148D7B,-588
0000000000000000,0000000000000289,E30749D03C0EBA06,-539
0000000000000000,000000000000028A,685933902AE83763,-604
0000000000000000,000000000000028B,0B7A3E6FA032DF80,-620
0000000000000000,000000000000028C,7C84705CA247600B,-686
0000000000000000,000000000000028D,B4C5BC416512C697,-588
0000000000000000,000000000000028E,C0D2CA724E709C7F,-653
0000000000000000,000000000000028F,7B9D31B624B70BF0,-539
0000000000000000,0000000000000290,5532473E63AE2914,-620
0000000000000000,0000000000000291,19C9C2B380B9A582,-522
0000000000000000,0000000000000292,6C980BE4AEEC2465,-571
0000000000000000,0000000000000293,DBB995DDCF6158E1,-588
0000000000000000,0000000000000294,25CD4C495782F512,-555
0000000000000000,0000000000000295,F1430AA635CC9737,-588
0000000000000000,0000000000000296,260506129F548EFA,-555
0000000000000000,0000000000000297,93B93FADC4934ED7,-555
0000000000000000,0000000000000298,29B8AAAA39CC87DF,-571
0000000000000000,0000000000000299,A56680983034D802,-637
0000000000000000,000000000000029A,A4BFFB3FEF762C87,-555
0000000000000000,000000000000029B,E07D3B10D24E02D4,-490
0000000000000000,000000000000029C,71305D64D43A634F,-539
0000000000000000,000000000000029D,D07AEBB9FE31E12A,-539
0000000000000000,000000000000029E,7E1AAA8CEEE1C099,-555
0000000000000000,000000000000029F,2E55877BA3751366,-588
0000000000000000,00000000000002A0,B2F4FD64D1FA2915,-522
0000000000000000,00000000000002A1,E8035993288B932A,-669
0000000000000000,00000000000002A2,19AE5EA3650C169D,-571
0000000000000000,00000000000002A3,4D4CE9F85AA46E1F,-522
0000000000000000,00000000000002A4,3ACB91A824FAE3D0,-588
0000000000000000,00000000000002A5,B49C7E8583824CB2,-555
0000000000000000,00000000000002A6,C8C29F22B98260AA,-653
0000000000000000,00000000000002A7,2A928BC80A5CEEC9,-571
0000000000000000,00000000000002A8,7B5F5191161ECA19,-620
0000000000000000,00000000000002A9,C35E228896B2C480,-637
0000000000000000,00000000000002AA,FE781047E5F1E6E4,-604
0000000000000000,00000000000002AB,6EF5078968322135,-751
0000000000000000,00000000000002AC,B315377E2E91F020,-620
0000000000000000,00000000000002AD,89EFFFBCE526CD6A,-571
0000000000000000,00000000000002AE,85AB085229421125,-588
0000000000000000,00000000000002AF,581D3DCFA15AC437,-571
0000000000000000,00000000000002B0,9A739BC9E60E3B55,-555
0000000000000000,00000000000002B1,ABC0F6B04CC58BC5,-637
0000000000000000,00000000000002B2,0E8D95834F23B798,-555
0000000000000000,00000000000002B3,AB8903875D220E96,-571
0000000000000000,00000000000002B4,6A3858523439D1CB,-604
0000000000000000,00000000000002B5,9C30B297D656CEA5,-637
0000000000000000,00000000000002B6,7CD2CD051C373CCB,-604
0000000000000000,00000000000002B7,49F3D326D0E5960A,-522
0000000000000000,00000000000002B8,B5F683DA7AE8C76A,-588
0000000000000000,00000000000002B9,4B7AC09242D5E6DB,-539
0000000000000000,00000000000002BA,7B6B5D1689BA2473,-620
0000000000000000,00000000000002BB,CF77FD7D28E5DFF8,-539
0000000000000000,00000000000002BC,6493C3FC5D07DF83,-555
0000000000000000,00000000000002BD,527CD1FCB9103A20,-539
0000000000000000,00000000000002BE,0300613AEC8E7152,-604
0000000000000000,00000000000002BF,3EAA78FCF1ACB202,-620
0000000000000000,00000000000002C0,757132F1DD1947EC,-637
0000000000000000,00000000000002C1,A4066DB3C7CAFB56,-620
0000000000000000,00000000000002C2,8FD36C83612C4EEC,-571
0000000000000000,00000000000002C3,E2185E62B53A8CC3,-522
0000000000000000,00000000000002C4,901B284203611C66,-588
0000000000000000,00000000000002C5,10EC2404C2428950,-571
0000000000000000,00000000000002C6,612CF8B6F95DE08F,-555
0000000000000000,00000000000002C7,D15639EB459490F9,-604
0000000000000000,00000000000002C8,C9D44C0052E2BB2C,-620
0000000000000000,00000000000002C9,BE3EFB442C99ED30,-571
0000000000000000,00000000000002CA,02E6E47126447532,-571
0000000000000000,00000000000002CB,0BCF00CF39B0B41F,-555
0000000000000000,00000000000002CC,1EE8D6E330D1950A,-604
0000000000000000,00000000000002CD,F10F2D81B3B28B3F,-539
0000000000000000,00000000000002CE,62CA9D5AEFFA6CD9,-555
0000000000000000,00000000000002CF,58E6530C06E42699,-620
0000000000000000,00000000000002D0,579B6115104C16E0,-571
0000000000000000,00000000000002D1,70B054D8E54CA37A,-555
0000000000000000,00000000000002D2,AEFE313F7A786743,-555
0000000000000000,00000000000002D3,4A11E95E81BF6489,-555
0000000000000000,00000000000002D4,E132445CCBE231F9,-604
0000000000000000,00000000000002D5,2762066B9A794A43,-620
0000000000000000,00000000000002D6,23D695483DF64C9F,-604
0000000000000000,00000000000002D7,422603131D312F94,-539
0000000000000000,00000000000002D8,9BD68AD94DA69B4C,-506
0000000000000000,00000000000002D9,482FCF3384EB6C2B,-588
0000000000000000,00000000000002DA,BD386DF05B330894,-539
0000000000000000,00000000000002DB,FA941BEAD9A84615,-620
0000000000000000,00000000000002DC,530CE1FD68A05D66,-637
0000000000000000,00000000000002DD,DDD72AC5D41CEC75,-588
0000000000000000,00000000000002DE,4224D329F0194D51,-620
0000000000000000,00000000000002DF,5E49CCBE5DF0E667,-571
0000000000000000,00000000000002E0,480B07BEFC45E7A0,-588
0000000000000000,00000000000002E1,E32315264C0066F9,-588
0000000000000000,00000000000002E2,526167833088DED7,-588
0000000000000000,00000000000002E3,F4209CED52733376,-522
0000000000000000,00000000000002E4,396CFB89AEC68E7A,-441
0000000000000000,00000000000002E5,E5202DB8D69D8746,-539
0000000000000000,00000000000002E6,B408830C0BA7AAB8,-604
0000000000000000,00000000000002E7,5B4E84BB1634AC25,-669
0000000000000000,00000000000002E8,2509AD5618921FDB,-506
0000000000000000,00000000000002E9,FDE4E9F8D7CA1AB5,-539
0000000000000000,00000000000002EA,E995555661935F29,-571
0000000000000000,00000000000002EB,23E837440E4C8E04,-604
0000000000000000,00000000000002EC,1C810F6E752F8F1F,-571
0000000000000000,00000000000002ED,1890FC754ECA7F73,-555
0000000000000000,00000000000002EE,822368F5BB7A1B7D,-506
0000000000000000,00000000000002EF,FD031A922E965899,-506
0000000000000000,00000000000002F0,A5219A5AB98168CA,-620
0000000000000000,00000000000002F1,DBE105BE053FF7D6,-408
0000000000000000,00000000000002F2,9FC648DC082E246F,-784
0000000000000000,00000000000002F3,12D2793420D072CE,-637
0000000000000000,00000000000002F4,6E084F9220003F98,-555
0000000000000000,00000000000002F5,BFA2265C157F2F61,-555
0000000000000000,00000000000002F6,B43AF5774A701E52,-588
0000000000000000,00000000000002F7,4F96D78641E0967E,-604
0000000000000000,00000000000002F8,AB1C1AEFB87F4B93,-555
0000000000000000,00000000000002F9,7F8B1444647F5BFB,-571
0000000000000000,00000000000002FA,C2077B0D5E7D50A3,-588
0000000000000000,00000000000002FB,D65DD9E1CBE9B47D,-588
0000000000000000,00000000000002FC,64871F539140D070,-555
0000000000000000,00000000000002FD,9CBD62FCC3105A5D,-539
0000000000000000,00000000000002FE,BEE714660A458827,-637
0000000000000000,00000000000002FF,26166603CE72A4D5,-571
0000000000000000,0000000000000300,A04AB770A13B280C,-539
0000000000000000,0000000000000301,501E719A18318EBC,-555
0000000000000000,0000000000000302,E6C5AC924187384B,-620
0000000000000000,0000000000000303,5463C7D728C3CCBA,-555
0000000000000000,0000000000000304,4D4A2EF96BA38CF0,-555
0000000000000000,0000000000000305,7A91FC6F92D4409D,-571
0000000000000000,0000000000000306,020E93DF5CBE1A51,-457
0000000000000000,0000000000000307,BDB6EE723CD6E80D,-539
0000000000000000,0000000000000308,2DC9D1B7BE174953,-539
0000000000000000,0000000000000309,EDAD094B4D1B498C,-604
0000000000000000,000000000000030A,5228E343D22A3B5F,-604
0000000000000000,000000000000030B,412957871588B825,-522
0000000000000000,000000000000030C,1AD2547757936529,-539
0000000000000000,000000000000030D,C94DCD1B969AB3D4,-571
0000000000000000,000000000000030E,8009F8F5B575502C,-571
0000000000000000,000000000000030F,747C59114E6B3FEC,-555
0000000000000000,0000000000000310,FFA21E90AD358474,-506
0000000000000000,0000000000000311,5A3B99F996C032CA,-555
0000000000000000,0000000000000312,3BCE8D2397A5E9A5,-588
0000000000000000,0000000000000313,12BD8625474D86F0,-539
0000000000000000,0000000000000314,094C683874240FB9,-555
0000000000000000,0000000000000315,C21D5C32B9B4423C,-555
0000000000000000,0000000000000316,99352B4666D20C78,-490
0000000000000000,0000000000000317,7916FE21E504C0E0,-588
0000000000000000,0000000000000318,C99B37BA70B3D95D,-588
0000000000000000,0000000000000319,D0D7AA4ACA54E296,-490
0000000000000000,000000000000031A,1160FC1CE98DB06D,-506
0000000000000000,000000000000031B,0F3FD34CCB35EF11,-490
0000000000000000,000000000000031C,806F704EBE275347,-620
0000000000000000,000000000000031D,C11A2835107AEF8D,-539
0000000000000000,000000000000031E,48BFBE86B83932F3,-539
0000000000000000,000000000000031F,EE3AE85198E173E0,-555
0000000000000000,0000000000000320,14037B293C9DC563,-539
0000000000000000,0000000000000321,ED9E6794D00AEEA9,-718
0000000000000000,0000000000000322,6788D4136F1A95FE,-506
0000000000000000,0000000000000323,753C43F70C9982DA,-588
0000000000000000,0000000000000324,526D3535238359FE,-571
0000000000000000,0000000000000325,CE2D3D7310F112A8,-539
0000000000000000,0000000000000326,F7C9E086056D3D1A,-490
0000000000000000,0000000000000327,425B136289003B08,-539
0000000000000000,0000000000000328,186ABD547CD4709D,-522
0000000000000000,0000000000000329,1E3B81E89EF9B0AD,-474
0000000000000000,000000000000032A,0FF8306D89AEAC85,-506
0000000000000000,000000000000032B,58A3A4A2482AE580,-571
0000000000000000,000000000000032C,D7F7109835C6231B,-620
0000000000000000,000000000000032D,1184C5E8B9A593BE,-522
0000000000000000,000000000000032E,5E0AB47C5FA98175,-539
0000000000000000,000000000000032F,E164A7DDA8429451,-522
0000000000000000,0000000000000330,FED75FB6291DDD96,-571
0000000000000000,0000000000000331,09F4CF64324C7096,-620
0000000000000000,0000000000000332,F6E82EC8B1F48CFE,-522
0000000000000000,0000000000000333,0BB96842F35259EF,-620
0000000000000000,0000000000000334,73CE3F77B2CBB58A,-392
0000000000000000,0000000000000335,99F2CBC1FA84AEE8,-588
0000000000000000,0000000000000336,7D036CE25296415F,-604
0000000000000000,0000000000000337,A324DD4AD564747F,-539
0000000000000000,0000000000000338,1F5C2FF901301FBA,-539
0000000000000000,0000000000000339,6FA75F39D15348D6,-490
0000000000000000,000000000000033A,1FF6ABF2EACB0DD4,-555
0000000000000000,000000000000033B,0F6F178700B3BC50,-571
0000000000000000,000000000000033C,21AC94BA63085A2C,-604
0000000000000000,000000000000033D,A849AF2FDFF8A2B2,-490
0000000000000000,000000000000033E,11B502A9B586C9D4,-620
0000000000000000,000000000000033F,E3F1FABDD9AB6015,-588
0000000000000000,0000000000000340,8051C2CB60B0CB58,-588
0000000000000000,0000000000000341,F7D83A7FC74DDF55,-604
0000000000000000,0000000000000342,5470612637EFE44F,-474
0000000000000000,0000000000000343,C70C23DFFBD19280,-555
0000000000000000,0000000000000344,74C6043C8CF22395,-588
0000000000000000,0000000000000345,CBB3E0A54DB7DCEA,-604
0000000000000000,0000000000000346,07E20B4D0719F746,-588
0000000000000000,0000000000000347,6A4ED0D041BBC5DD,-604
0000000000000000,0000000000000348,F28E2C814BB7915A,-539
0000000000000000,0000000000000349,28985E80846B671B,-620
0000000000000000,000000000000034A,808CC753BC0BA884,-620
0000000000000000,000000000000034B,8086DA9644E66B79,-571
0000000000000000,000000000000034C,BC21B0A5F1629112,-555
0000000000000000,000000000000034D,2D2302FAF2B95D79,-604
0000000000000000,000000000000034E,A6DC03903DEDF8C8,-555
0000000000000000,000000000000034F,FEE222F3A68D96BD,-294
0000000000000000,0000000000000350,4BB14AB68654B098,-571
0000000000000000,0000000000000351,14C4EDEFFC823A89,-588
0000000000000000,0000000000000352,CFF5ADA31B697512,-522
0000000000000000,0000000000000353,AC5D09ED8D3A2D30,-490
0000000000000000,0000000000000354,CE0F030987A2EE72,-571
0000000000000000,0000000000000355,284DCA25920EAFF4,-539
0000000000000000,0000000000000356,F9D9E9D3C88D0F44,-539
0000000000000000,0000000000000357,7E1A666141A9170D,-555
0000000000000000,0000000000000358,A949409FFA86D514,-604
0000000000000000,0000000000000359,ED3281D03E8396AA,-539
0000000000000000,000000000000035A,6CECB53E7AC8851A,-571
0000000000000000,000000000000035B,903BB13586C05715,-261
0000000000000000,000000000000035C,B297A395755560DA,-620
0000000000000000,000000000000035D,A20BDE5D6F30E0D9,-490
0000000000000000,000000000000035E,C1232229D8F09540,-588
0000000000000000,000000000000035F,45C4FA5BC10A46EF,-588
0000000000000000,0000000000000360,E351543AE8367F58,-539
0000000000000000,0000000000000361,86268D6AFF19D73D,-604
0000000000000000,0000000000000362,3115EE4A2EA964F0,-571
0000000000000000,0000000000000363,27A6B2B41B50129F,-620
0000000000000000,0000000000000364,6DF37F522B8AD6B8,-522
0000000000000000,0000000000000365,9DB42627A09E6BA4,-522
0000000000000000,0000000000000366,FF30F490BBCE6125,-539
0000000000000000,0000000000000367,E1A6E5EA526DB0DC,-522
0000000000000000,0000000000000368,FC2F95313CD5A22A,-522
0000000000000000,0000000000000369,638508EFF9DAB190,-604
0000000000000000,000000000000036A,BA5EDCEAEB4B8BF2,-588
0000000000000000,000000000000036B,01830B51A32C9CA9,-539
0000000000000000,000000000000036C,C7E881FC310AC801,-539
0000000000000000,000000000000036D,CCC2A3C4AA587E69,-522
0000000000000000,000000000000036E,2DC50BE0D270B074,-555
0000000000000000,000000000000036F,529103577EA2F1B8,-588
0000000000000000,0000000000000370,5F8A053AA1F144AE,-555
0000000000000000,0000000000000371,DAD99A68A18CC83E,-490
0000000000000000,0000000000000372,237D29ACE676E7A9,-637
0000000000000000,0000000000000373,A8BE591AE852C7C4,-539
0000000000000000,0000000000000374,3AE66556D9F27BD1,-555
0000000000000000,0000000000000375,526D92F0C6169F85,-522
0000000000000000,0000000000000376,2001EDB1D848076A,-555
0000000000000000,0000000000000377,0F0EBA07674373F4,-571
0000000000000000,0000000000000378,58C5D117628738A7,-604
0000000000000000,0000000000000379,0B4F8009A56C9B8F,-539
0000000000000000,000000000000037A,3675E874E208CAED,-555
0000000000000000,000000000000037B,1B8A2D81D0382114,-571
0000000000000000,000000000000037C,6BFE35C26682E4F4,-571
0000000000000000,000000000000037D,DD31B3C7A75ED8A1,-506
0000000000000000,000000000000037E,043478E982E5CBB2,-588
0000000000000000,000000000000037F,2C00F3FC3B51AE65,-653
0000000000000000,0000000000000380,06B1BBC937C8BF9F,-539
0000000000000000,0000000000000381,CE89406B762BD825,-571
0000000000000000,0000000000000382,ECEF8453605D6013,-604
0000000000000000,0000000000000383,0C161C6372DC54A2,-588
0000000000000000,0000000000000384,3B02E49CD6CD3E25,-571
0000000000000000,0000000000000385,8C1C6B2AED421014,-571
0000000000000000,0000000000000386,EC8797804D031EAD,-571
0000000000000000,0000000000000387,13331E10D10EBE42,-604
0000000000000000,0000000000000388,560FAA858B35D1A5,-522
0000000000000000,0000000000000389,14915B4711A8EE6E,-588
0000000000000000,000000000000038A,BB4D409D1F66464E,-522
0000000000000000,000000000000038B,4B8F7F4031B24607,-539
0000000000000000,000000000000038C,317CB7A329647291,-539
0000000000000000,000000000000038D,175B6C61AEA82D97,-571
0000000000000000,000000000000038E,A6A021C49A65F0A7,-522
0000000000000000,000000000000038F,3C7FD8595B376331,-620
0000000000000000,0000000000000390,F45326865C8FDD51,-539
0000000000000000,0000000000000391,D453C40E2C9141D2,-490
0000000000000000,0000000000000392,7FAB81C1691AE309,-441
0000000000000000,0000000000000393,625FB35D0F7D37FD,-539
0000000000000000,0000000000000394,48808E284305122A,-522
0000000000000000,0000000000000395,5CEBE028690FBECC,-588
0000000000000000,0000000000000396,D7ED0266FF7E8B60,-539
0000000000000000,0000000000000397,6CA77B5D2D688283,-604
0000000000000000,0000000000000398,5E72DCC7989AEC40,-555
0000000000000000,0000000000000399,FDE92B2AC6B80782,-506
0000000000000000,000000000000039A,867214C4384BDD3A,-539
0000000000000000,000000000000039B,AA6E3533592775AE,-571
0000000000000000,000000000000039C,C35EB87E8EEA610E,-571
0000000000000000,000000000000039D,34DE725947947FD6,-522
0000000000000000,000000000000039E,51BF7A68D3461339,-620
0000000000000000,000000000000039F,86321471B9047CA6,-539
0000000000000000,00000000000003A0,5EDC30E956BD7570,-571
0000000000000000,00000000000003A1,09F6613231ED2F06,-539
0000000000000000,00000000000003A2,4021C3D499C591EE,-539
0000000000000000,00000000000003A3,1B7D7A27F5D68AD9,-637
0000000000000000,00000000000003A4,2981203345B02615,-588
0000000000000000,00000000000003A5,DA27E2896B95BE75,-555
0000000000000000,00000000000003A6,30E02BAB731043C0,-571
0000000000000000,00000000000003A7,8DECB44E79357AB0,-604
0000000000000000,00000000000003A8,338402D0B4932FE8,-539
0000000000000000,00000000000003A9,C7348E734FBC2DDD,-555
0000000000000000,00000000000003AA,D2F651508467FC37,-555
0000000000000000,00000000000003AB,F0DB035F7E33EDD1,-522
0000000000000000,00000000000003AC,0D121C078614D582,-539
0000000000000000,00000000000003AD,101CD0B6A4D07D22,-571
0000000000000000,00000000000003AE,3F33A14F603374D3,-555
0000000000000000,00000000000003AF,1D9971C8655F0348,-588
0000000000000000,00000000000003B0,995E40122F184C75,-555
0000000000000000,00000000000003B1,1DEB877EB9517D68,-555
0000000000000000,00000000000003B2,9B01F20DBA5F9DCE,-588
0000000000000000,00000000000003B3,4B4625BE86D6E7B9,-490
0000000000000000,00000000000003B4,2EFD7FE1F15B6A5E,-571
0000000000000000,00000000000003B5,9CAA5B71D4DA28D8,-571
0000000000000000,00000000000003B6,C18BCA61F2CDDB70,-588
0000000000000000,00000000000003B7,1C40EB4E4A1A269F,-555
0000000000000000,00000000000003B8,FC734F38020A2C71,-604
0000000000000000,00000000000003B9,D77201EB44B32884,-571
0000000000000000,00000000000003BA,D7ADF54B5FAE967A,-539
0000000000000000,00000000000003BB,757255CAC2406CDB,-588
0000000000000000,00000000000003BC,D1F8B3E1D611F94B,-555
0000000000000000,00000000000003BD,779B3EB7319A860D,-555
0000000000000000,00000000000003BE,298BD6B4C8A2DE29,-571
0000000000000000,00000000000003BF,0E640F97DADF29F0,-539
0000000000000000,00000000000003C0,08E4374212092C98,-539
0000000000000000,00000000000003C1,B12B2B764CB0F5D8,-474
0000000000000000,00000000000003C2,CE52DF540AD92A54,-522
0000000000000000,00000000000003C3,73E3893A1C8711E3,-588
0000000000000000,00000000000003C4,EE87460985443D5D,-588
0000000000000000,00000000000003C5,A07FC5A671184F23,-604
0000000000000000,00000000000003C6,2A24DA8D4084261F,-555
0000000000000000,00000000000003C7,D2E32F5495F9ABCC,-555
0000000000000000,00000000000003C8,0D800351F746E07C,-555
0000000000000000,00000000000003C9,FB3D7DAECE48D953,-588
0000000000000000,00000000000003CA,B0A98EE1D1B06084,-539
0000000000000000,00000000000003CB,4369E6F2FA4AB51A,-555
0000000000000000,00000000000003CC,0748EA73FC90C84C,-555
0000000000000000,00000000000003CD,682D901B594C6FAB,-571
0000000000000000,00000000000003CE,D37545E8136746BB,-653
0000000000000000,00000000000003CF,1D5657DC9CF40B9A,-571
0000000000000000,00000000000003D0,C8B5B53F64D01711,-522
0000000000000000,00000000000003D1,3F554C7BD843DBA8,-490
0000000000000000,00000000000003D2,39FBFD79FFDC2ADD,-620
0000000000000000,00000000000003D3,5C3162058FE6BEED,-571
0000000000000000,00000000000003D4,7400C545CE7E92A1,-571
0000000000000000,00000000000003D5,ACFCB24319D7E649,-539
0000000000000000,00000000000003D6,774DAE5637669ADC,-522
0000000000000000,00000000000003D7,B3476F0A62357BED,-620
0000000000000000,00000000000003D8,BCB1BD5BFFEFDE04,-539
0000000000000000,00000000000003D9,96437AA58D1445ED,-522
0000000000000000,00000000000003DA,79F4E3EA764D24E7,-620
0000000000000000,00000000000003DB,292F7811A0E7F2EC,-604
0000000000000000,00000000000003DC,49844FFAFDCFF1C3,-588
0000000000000000,00000000000003DD,9150E9A1AC4A16CD,-539
0000000000000000,00000000000003DE,8F43E85A1C272FDF,-539
0000000000000000,00000000000003DF,36BBBD6EACD3B1CF,-620
0000000000000000,00000000000003E0,A70DA00393CA0356,-555
0000000000000000,00000000000003E1,B7039B1DB67DD7AD,-571
0000000000000000,00000000000003E2,F14ED37DB391B68D,-653
0000000000000000,00000000000003E3,A4A49CBFDA761078,-588
0000000000000000,00000000000003E4,DD85850124645A48,-588
0000000000000000,00000000000003E5,49F2B8F0366C50F3,-604
0000000000000000,00000000000003E6,C4DB906C78E8A25D,-898
0000000000000000,00000000000003E7,58AFCE9FBFE54948,-490
0000000000000000,00000000000003E8,1F7DB68037E0FF5A,-588
0000000000000000,00000000000003E9,C32D170DC5783942,-588
0000000000000000,00000000000003EA,4543E486D5122DC0,-620
0000000000000000,00000000000003EB,8C7ADB1B34E50999,-588
0000000000000000,00000000000003EC,D03EF2A58DAED99E,-588
0000000000000000,00000000000003ED,D248374BA3D75CBF,-588
0000000000000000,00000000000003EE,8A22398DED344FD0,-555
0000000000000000,00000000000003EF,98EC67CB2CE0C850,-604
0000000000000000,00000000000003F0,0BA2A6DEBAA5198B,-702
0000000000000000,00000000000003F1,771905DBB2618BA9,-539
0000000000000000,00000000000003F2,D6187B25EE20CC5B,-522
0000000000000000,00000000000003F3,F59880C3E9A08D01,-522
0000000000000000,00000000000003F4,679C15288F5ECA71,-539
0000000000000000,00000000000003F5,FCEBF960EE2774E5,-555
0000000000000000,00000000000003F6,FB6098020A1D8EDC,-588
0000000000000000,00000000000003F7,D962FB8C1BC3B811,-588
0000000000000000,00000000000003F8,2CF0CAEF7F0EAD88,-588
0000000000000000,00000000000003F9,FA96318BF7588F76,-539
0000000000000000,00000000000003FA,65D8F8E3D6FD261F,-588
0000000000000000,00000000000003FB,A4765FF1B5745B4C,-620
0000000000000000,00000000000003FC,95C7AF3227B9D06B,-571
0000000000000000,00000000000003FD,2CA3E4F22E2C9141,-588
0000000000000000,00000000000003FE,A13F514FD54DBDC3,-620
0000000000000000,00000000000003FF,90863148790EC889,-539
